{"cameraMode":{"drawMode":0,"name":"Shaded","section":"Shading Mode"},"sceneLighting":false,"audioPlay":false,"sceneViewState":{"m_AlwaysRefresh":false,"showFog":true,"showSkybox":false,"showFlares":true,"showImageEffects":true,"showParticleSystems":true,"showVisualEffectGraphs":true,"m_FxEnabled":true},"in2DMode":false,"pivot":{"x":0.270615816116333,"y":11.280272483825684,"z":-0.0900564193725586},"rotation":{"x":0.058320656418800357,"y":0.12427899986505509,"z":-0.007315560709685087,"w":0.9905424118041992},"size":2.9598071575164797,"orthographic":false}