{"cameraMode":{"drawMode":0,"name":"Shaded","section":"Shading Mode"},"sceneLighting":false,"audioPlay":false,"sceneViewState":{"m_AlwaysRefresh":false,"showFog":true,"showSkybox":false,"showFlares":true,"showImageEffects":true,"showParticleSystems":true,"showVisualEffectGraphs":true,"m_FxEnabled":true},"in2DMode":false,"pivot":{"x":0.3448219299316406,"y":14.753616333007813,"z":0.44138261675834658},"rotation":{"x":-0.39117756485939028,"y":0.5893375873565674,"z":-0.39188918471336367,"w":-0.5883075594902039},"size":62.85263442993164,"orthographic":false}