{"cameraMode":{"drawMode":0,"name":"Shaded","section":"Shading Mode"},"sceneLighting":false,"audioPlay":false,"sceneViewState":{"m_AlwaysRefresh":false,"showFog":true,"showSkybox":false,"showFlares":true,"showImageEffects":true,"showParticleSystems":true,"showVisualEffectGraphs":true,"m_FxEnabled":true},"in2DMode":false,"pivot":{"x":-31.625864028930665,"y":14.70657730102539,"z":12.447494506835938},"rotation":{"x":0.054106879979372028,"y":-0.3274698555469513,"z":0.018794884905219079,"w":0.9431473016738892},"size":18.52062225341797,"orthographic":false}